https://i.redd.it/wmuuoobpehy21.jpg,0
https://i.redd.it/riq9ielqehy21.jpg,0
https://i.redd.it/wpx4izkrehy21.jpg,0
https://i.redd.it/qjmb5hjrehy21.png,0
https://i.redd.it/qez2ev8tehy21.jpg,0
https://i.redd.it/bntahr2e7iy21.png,0
https://i.redd.it/r61160cz7iy21.jpg,0
https://i.redd.it/2w8bo36gu7z21.jpg,0
https://i.redd.it/31xu90lev7z21.jpg,0
https://i.redd.it/lnymkf7yv7z21.jpg,0
https://i.redd.it/qfi31yp4w7z21.jpg,0
https://i.redd.it/7wtspk1ew7z21.jpg,0
https://i.redd.it/gx2ffc3jw7z21.jpg,0,True
https://i.redd.it/0i5fa6bfx7z21.jpg,0,True
https://i.redd.it/0bvl0xmlj6z21.jpg,0,True
https://i.redd.it/h3xz00qmj6z21.jpg,0,False
https://i.redd.it/mxgyfxjnj6z21.jpg,0,True
https://i.redd.it/77j0qfesj6z21.jpg,0,True
https://i.redd.it/vvr8jp0tj6z21.jpg,0,True
https://i.redd.it/k0poi9zsj6z21.png,0,True
https://i.redd.it/fia5gnntj6z21.jpg,0,True
https://i.redd.it/u6oze48vj6z21.jpg,0,True
https://i.redd.it/3rftvxjxj6z21.jpg,0,True
https://i.redd.it/qnx9lp2yj6z21.jpg,0,True
https://i.redd.it/j4o6z3duj6z21.jpg,0,True
https://i.redd.it/ttp5jad1k6z21.jpg,0,True
https://i.redd.it/wksmtho3k6z21.png,0,True
https://i.redd.it/wksmtho3k6z21.png,0.9999998807907104,True
https://i.redd.it/3p5rytj4k6z21.jpg,0,True
https://i.redd.it/ff1i5x4mk6z21.png,0,True
https://i.redd.it/jdcnghpqk6z21.jpg,0,True
https://i.redd.it/lyetp2ftk6z21.png,0,True
https://i.redd.it/hhk99mk7l6z21.jpg,0,True
https://i.redd.it/5zyqpctzl6z21.jpg,0,True
